<?xml version="1.0" encoding="utf-8" ?><dwsync><file name="poll-bar--block.tpl.php" server="christopherstevens.cc/qr/" local="3447890992" remote="102241670588" /><file name="poll-bar.tpl.php" server="christopherstevens.cc/qr/" local="3447890992" remote="72176899516" /><file name="poll-results--block.tpl.php" server="christopherstevens.cc/qr/" local="3447890992" remote="119421539772" /><file name="poll-results.tpl.php" server="christopherstevens.cc/qr/" local="3447890992" remote="89356768700" /><file name="poll-rtl.css" server="christopherstevens.cc/qr/" local="3447890992" remote="54997030332" /><file name="poll-vote.tpl.php" server="christopherstevens.cc/qr/" local="3447890992" remote="76471866812" /><file name="poll.css" server="christopherstevens.cc/qr/" local="3447890992" remote="37817161148" /><file name="poll.info" server="christopherstevens.cc/qr/" local="3447893412" remote="42112128444" /><file name="poll.install" server="christopherstevens.cc/qr/" local="3447890992" remote="54997030332" /><file name="poll.module" server="christopherstevens.cc/qr/" local="3447890992" remote="50702063036" /><file name="poll.pages.inc" server="christopherstevens.cc/qr/" local="3447890992" remote="63586964924" /><file name="poll.test" server="christopherstevens.cc/qr/" local="3447890992" remote="42112128444" /><file name="poll.tokens.inc" server="christopherstevens.cc/qr/" local="3447890992" remote="67881932220" /></dwsync>