<?xml version="1.0" encoding="utf-8" ?><dwsync><file name="jquery.effects.blind.min.js" server="christopherstevens.cc/qr/" local="3447890992" remote="119421539532" /><file name="jquery.effects.bounce.min.js" server="christopherstevens.cc/qr/" local="3447890992" remote="123716506828" /><file name="jquery.effects.clip.min.js" server="christopherstevens.cc/qr/" local="3447890992" remote="115126572236" /><file name="jquery.effects.core.min.js" server="christopherstevens.cc/qr/" local="3447890992" remote="115126572236" /><file name="jquery.effects.drop.min.js" server="christopherstevens.cc/qr/" local="3447890992" remote="115126572236" /><file name="jquery.effects.explode.min.js" server="christopherstevens.cc/qr/" local="3447890992" remote="128011474124" /><file name="jquery.effects.fade.min.js" server="christopherstevens.cc/qr/" local="3447890992" remote="115126572236" /><file name="jquery.effects.fold.min.js" server="christopherstevens.cc/qr/" local="3447890992" remote="115126572236" /><file name="jquery.effects.highlight.min.js" server="christopherstevens.cc/qr/" local="3447890992" remote="136601408716" /><file name="jquery.effects.pulsate.min.js" server="christopherstevens.cc/qr/" local="3447890992" remote="128011474124" /><file name="jquery.effects.scale.min.js" server="christopherstevens.cc/qr/" local="3447890992" remote="119421539532" /><file name="jquery.effects.shake.min.js" server="christopherstevens.cc/qr/" local="3447890992" remote="119421539532" /><file name="jquery.effects.slide.min.js" server="christopherstevens.cc/qr/" local="3447890992" remote="119421539532" /><file name="jquery.effects.transfer.min.js" server="christopherstevens.cc/qr/" local="3447890992" remote="132306441420" /><file name="jquery.ui.accordion.css" server="christopherstevens.cc/qr/" local="3447890992" remote="102241670348" /><file name="jquery.ui.accordion.min.js" server="christopherstevens.cc/qr/" local="3447890992" remote="115126572236" /><file name="jquery.ui.autocomplete.css" server="christopherstevens.cc/qr/" local="3447890992" remote="115126572236" /><file name="jquery.ui.autocomplete.min.js" server="christopherstevens.cc/qr/" local="3447890992" remote="128011474124" /><file name="jquery.ui.button.css" server="christopherstevens.cc/qr/" local="3447890992" remote="89356768460" /><file name="jquery.ui.button.min.js" server="christopherstevens.cc/qr/" local="3447890992" remote="102241670348" /><file name="jquery.ui.core.css" server="christopherstevens.cc/qr/" local="3447890992" remote="80766833868" /><file name="jquery.ui.core.min.js" server="christopherstevens.cc/qr/" local="3447890992" remote="93651735756" /><file name="jquery.ui.datepicker.css" server="christopherstevens.cc/qr/" local="3447890992" remote="106536637644" /><file name="jquery.ui.datepicker.min.js" server="christopherstevens.cc/qr/" local="3447890992" remote="119421539532" /><file name="jquery.ui.dialog.css" server="christopherstevens.cc/qr/" local="3447890992" remote="89356768460" /><file name="jquery.ui.dialog.min.js" server="christopherstevens.cc/qr/" local="3447890992" remote="102241670348" /><file name="jquery.ui.draggable.min.js" server="christopherstevens.cc/qr/" local="3447890992" remote="115126572236" /><file name="jquery.ui.droppable.min.js" server="christopherstevens.cc/qr/" local="3447890992" remote="115126572236" /><file name="jquery.ui.mouse.min.js" server="christopherstevens.cc/qr/" local="3447890992" remote="97946703052" /><file name="jquery.ui.position.min.js" server="christopherstevens.cc/qr/" local="3447890992" remote="110831604940" /><file name="jquery.ui.progressbar.css" server="christopherstevens.cc/qr/" local="3447890992" remote="110831604940" /><file name="jquery.ui.progressbar.min.js" server="christopherstevens.cc/qr/" local="3447890992" remote="123716506828" /><file name="jquery.ui.resizable.css" server="christopherstevens.cc/qr/" local="3447890992" remote="102241670348" /><file name="jquery.ui.resizable.min.js" server="christopherstevens.cc/qr/" local="3447890992" remote="115126572236" /><file name="jquery.ui.selectable.css" server="christopherstevens.cc/qr/" local="3447890992" remote="106536637644" /><file name="jquery.ui.selectable.min.js" server="christopherstevens.cc/qr/" local="3447890992" remote="119421539532" /><file name="jquery.ui.slider.css" server="christopherstevens.cc/qr/" local="3447890992" remote="89356768460" /><file name="jquery.ui.slider.min.js" server="christopherstevens.cc/qr/" local="3447890992" remote="102241670348" /><file name="jquery.ui.sortable.min.js" server="christopherstevens.cc/qr/" local="3447890992" remote="110831604940" /><file name="jquery.ui.tabs.css" server="christopherstevens.cc/qr/" local="3447890992" remote="80766833868" /><file name="jquery.ui.tabs.min.js" server="christopherstevens.cc/qr/" local="3447890992" remote="93651735756" /><file name="jquery.ui.theme.css" server="christopherstevens.cc/qr/" local="3447890992" remote="85061801164" /><file name="jquery.ui.widget.min.js" server="christopherstevens.cc/qr/" local="3447890992" remote="102241670348" /></dwsync>