<?xml version="1.0" encoding="utf-8" ?><dwsync><file name="login-bg.png" server="christopherstevens.cc/qr/" local="3447890992" remote="54997030332" /><file name="openid-rtl.css" server="christopherstevens.cc/qr/" local="3447890992" remote="63586964924" /><file name="openid.api.php" server="christopherstevens.cc/qr/" local="3447890992" remote="63586964924" /><file name="openid.css" server="christopherstevens.cc/qr/" local="3447890992" remote="46407095740" /><file name="openid.inc" server="christopherstevens.cc/qr/" local="3447890992" remote="46407095740" /><file name="openid.info" server="christopherstevens.cc/qr/" local="3447893412" remote="50702063036" /><file name="openid.install" server="christopherstevens.cc/qr/" local="3447890992" remote="63586964924" /><file name="openid.js" server="christopherstevens.cc/qr/" local="3447890992" remote="42112128444" /><file name="openid.module" server="christopherstevens.cc/qr/" local="3447890992" remote="59291997628" /><file name="openid.pages.inc" server="christopherstevens.cc/qr/" local="3447890992" remote="72176899516" /><file name="openid.test" server="christopherstevens.cc/qr/" local="3447890992" remote="50702063036" /></dwsync>