<?xml version="1.0" encoding="utf-8" ?><dwsync><file name="color-rtl.css" server="christopherstevens.cc/qr/" local="3447890992" remote="59291997448" /><file name="color.css" server="christopherstevens.cc/qr/" local="3447890992" remote="42112128264" /><file name="color.info" server="christopherstevens.cc/qr/" local="3447893412" remote="46407095560" /><file name="color.install" server="christopherstevens.cc/qr/" local="3447890992" remote="59291997448" /><file name="color.js" server="christopherstevens.cc/qr/" local="3447890992" remote="37817160968" /><file name="color.module" server="christopherstevens.cc/qr/" local="3447890992" remote="54997030152" /><file name="color.test" server="christopherstevens.cc/qr/" local="3447890992" remote="46407095560" /><file name="preview.html" server="christopherstevens.cc/qr/" local="3447890992" remote="54997030152" /><file name="preview.js" server="christopherstevens.cc/qr/" local="3447890992" remote="46407095560" /></dwsync>