<?xml version="1.0" encoding="utf-8" ?><dwsync><file name="forum-icon.tpl.php" server="christopherstevens.cc/qr/" local="3447890992" remote="80766834048" /><file name="forum-list.tpl.php" server="christopherstevens.cc/qr/" local="3447890992" remote="80766834048" /><file name="forum-rtl.css" server="christopherstevens.cc/qr/" local="3447890992" remote="59291997568" /><file name="forum-submitted.tpl.php" server="christopherstevens.cc/qr/" local="3447890992" remote="102241670528" /><file name="forum-topic-list.tpl.php" server="christopherstevens.cc/qr/" local="3447890992" remote="106536637824" /><file name="forum.admin.inc" server="christopherstevens.cc/qr/" local="3447890992" remote="67881932160" /><file name="forum.css" server="christopherstevens.cc/qr/" local="3447890992" remote="42112128384" /><file name="forum.info" server="christopherstevens.cc/qr/" local="3447893412" remote="46407095680" /><file name="forum.install" server="christopherstevens.cc/qr/" local="3447890992" remote="59291997568" /><file name="forum.module" server="christopherstevens.cc/qr/" local="3447890992" remote="54997030272" /><file name="forum.pages.inc" server="christopherstevens.cc/qr/" local="3447890992" remote="67881932160" /><file name="forum.test" server="christopherstevens.cc/qr/" local="3447890992" remote="46407095680" /><file name="forums.tpl.php" server="christopherstevens.cc/qr/" local="3447890992" remote="63586964864" /></dwsync>