<?xml version="1.0" encoding="utf-8" ?><dwsync><file name="logo.jpg" server="christopherstevens.cc/qr/" local="3436288956" remote="37817161448" /><file name="logo_over.jpg" server="christopherstevens.cc/qr/" local="3436288956" remote="59291997928" /><file name="sample.avi" server="christopherstevens.cc/qr/" local="3436288956" remote="46407096040" /><file name="sample.dcr" server="christopherstevens.cc/qr/" local="3436288956" remote="46407096040" /><file name="sample.flv" server="christopherstevens.cc/qr/" local="3436288956" remote="46407096040" /><file name="sample.mov" server="christopherstevens.cc/qr/" local="3436288956" remote="46407096040" /><file name="sample.ram" server="christopherstevens.cc/qr/" local="3436288956" remote="46407096040" /><file name="sample.rm" server="christopherstevens.cc/qr/" local="3436288956" remote="42112128744" /><file name="sample.swf" server="christopherstevens.cc/qr/" local="3436288956" remote="46407096040" /></dwsync>