<?xml version="1.0" encoding="utf-8" ?><dwsync><file name="update-rtl.css" server="christopherstevens.cc/qr/" local="3447890992" remote="63586965164" /><file name="update.api.php" server="christopherstevens.cc/qr/" local="3447890992" remote="63586965164" /><file name="update.authorize.inc" server="christopherstevens.cc/qr/" local="3447890992" remote="89356768940" /><file name="update.compare.inc" server="christopherstevens.cc/qr/" local="3447890992" remote="80766834348" /><file name="update.css" server="christopherstevens.cc/qr/" local="3447890992" remote="46407095980" /><file name="update.fetch.inc" server="christopherstevens.cc/qr/" local="3447890992" remote="72176899756" /><file name="update.info" server="christopherstevens.cc/qr/" local="3447893412" remote="50702063276" /><file name="update.install" server="christopherstevens.cc/qr/" local="3447890992" remote="63586965164" /><file name="update.manager.inc" server="christopherstevens.cc/qr/" local="3447890992" remote="80766834348" /><file name="update.module" server="christopherstevens.cc/qr/" local="3447890992" remote="59291997868" /><file name="update.report.inc" server="christopherstevens.cc/qr/" local="3447890992" remote="76471867052" /><file name="update.settings.inc" server="christopherstevens.cc/qr/" local="3447890992" remote="85061801644" /><file name="update.test" server="christopherstevens.cc/qr/" local="3447890992" remote="50702063276" /></dwsync>