<?xml version="1.0" encoding="utf-8" ?><dwsync><file name="content_types.inc" server="christopherstevens.cc/qr/" local="3447890992" remote="76471866752" /><file name="content_types.js" server="christopherstevens.cc/qr/" local="3447890992" remote="72176899456" /><file name="node.admin.inc" server="christopherstevens.cc/qr/" local="3447890992" remote="63586964864" /><file name="node.api.php" server="christopherstevens.cc/qr/" local="3447890992" remote="54997030272" /><file name="node.css" server="christopherstevens.cc/qr/" local="3447890992" remote="37817161088" /><file name="node.info" server="christopherstevens.cc/qr/" local="3447893412" remote="42112128384" /><file name="node.install" server="christopherstevens.cc/qr/" local="3447890992" remote="54997030272" /><file name="node.js" server="christopherstevens.cc/qr/" local="3447890992" remote="33522193792" /><file name="node.module" server="christopherstevens.cc/qr/" local="3447890992" remote="50702062976" /><file name="node.pages.inc" server="christopherstevens.cc/qr/" local="3447890992" remote="63586964864" /><file name="node.test" server="christopherstevens.cc/qr/" local="3447890992" remote="42112128384" /><file name="node.tokens.inc" server="christopherstevens.cc/qr/" local="3447890992" remote="67881932160" /><file name="node.tpl.php" server="christopherstevens.cc/qr/" local="3447890992" remote="54997030272" /></dwsync>