<?xml version="1.0" encoding="utf-8" ?><dwsync><file name="html-1.txt" server="christopherstevens.cc/qr/" local="3447890992" remote="46407095800" /><file name="html-2.html" server="christopherstevens.cc/qr/" local="3447890992" remote="50702063096" /><file name="image-1.png" server="christopherstevens.cc/qr/" local="3447890992" remote="50702063096" /><file name="image-2.jpg" server="christopherstevens.cc/qr/" local="3447890992" remote="50702063096" /><file name="image-test.gif" server="christopherstevens.cc/qr/" local="3447890992" remote="63586964984" /><file name="image-test.jpg" server="christopherstevens.cc/qr/" local="3447890992" remote="63586964984" /><file name="image-test.png" server="christopherstevens.cc/qr/" local="3447890992" remote="63586964984" /><file name="javascript-1.txt" server="christopherstevens.cc/qr/" local="3447890992" remote="72176899576" /><file name="javascript-2.script" server="christopherstevens.cc/qr/" local="3447890992" remote="85061801464" /><file name="php-1.txt" server="christopherstevens.cc/qr/" local="3447890992" remote="42112128504" /><file name="php-2.php" server="christopherstevens.cc/qr/" local="3447890992" remote="42112128504" /><file name="README.txt" server="christopherstevens.cc/qr/" local="3447890992" remote="46407095800" /><file name="sql-1.txt" server="christopherstevens.cc/qr/" local="3447890992" remote="42112128504" /><file name="sql-2.sql" server="christopherstevens.cc/qr/" local="3447890992" remote="42112128504" /></dwsync>