<?xml version="1.0" encoding="utf-8" ?><dwsync><file name="field.api.php" server="christopherstevens.cc/qr/" local="3447890992" remote="59291997448" /><file name="field.attach.inc" server="christopherstevens.cc/qr/" local="3447890992" remote="72176899336" /><file name="field.crud.inc" server="christopherstevens.cc/qr/" local="3447890992" remote="63586964744" /><file name="field.default.inc" server="christopherstevens.cc/qr/" local="3447890992" remote="76471866632" /><file name="field.form.inc" server="christopherstevens.cc/qr/" local="3447890992" remote="63586964744" /><file name="field.info" server="christopherstevens.cc/qr/" local="3447893412" remote="46407095560" /><file name="field.info.class.inc" server="christopherstevens.cc/qr/" local="3447890992" remote="89356768520" /><file name="field.info.inc" server="christopherstevens.cc/qr/" local="3447890992" remote="63586964744" /><file name="field.install" server="christopherstevens.cc/qr/" local="3447890992" remote="59291997448" /><file name="field.module" server="christopherstevens.cc/qr/" local="3447890992" remote="54997030152" /><file name="field.multilingual.inc" server="christopherstevens.cc/qr/" local="3447890992" remote="97946703172" /></dwsync>