<?xml version="1.0" encoding="utf-8" ?><dwsync><file name="image-rtl.css" server="christopherstevens.cc/qr/" local="3447890992" remote="59291997568" /><file name="image.admin.css" server="christopherstevens.cc/qr/" local="3447890992" remote="67881932160" /><file name="image.admin.inc" server="christopherstevens.cc/qr/" local="3447890992" remote="67881932160" /><file name="image.api.php" server="christopherstevens.cc/qr/" local="3447890992" remote="59291997568" /><file name="image.css" server="christopherstevens.cc/qr/" local="3447890992" remote="42112128384" /><file name="image.effects.inc" server="christopherstevens.cc/qr/" local="3447890992" remote="76471866752" /><file name="image.field.inc" server="christopherstevens.cc/qr/" local="3447890992" remote="67881932160" /><file name="image.info" server="christopherstevens.cc/qr/" local="3447893412" remote="46407095680" /><file name="image.install" server="christopherstevens.cc/qr/" local="3447890992" remote="59291997568" /><file name="image.module" server="christopherstevens.cc/qr/" local="3447890992" remote="54997030272" /><file name="image.test" server="christopherstevens.cc/qr/" local="3447890992" remote="46407095680" /><file name="sample.png" server="christopherstevens.cc/qr/" local="3447890992" remote="46407095680" /></dwsync>