<?xml version="1.0" encoding="utf-8" ?><dwsync><file name="book-all-books-block.tpl.php" server="christopherstevens.cc/qr/" local="3447890992" remote="123716506888" /><file name="book-export-html.tpl.php" server="christopherstevens.cc/qr/" local="3447890992" remote="106536637704" /><file name="book-navigation.tpl.php" server="christopherstevens.cc/qr/" local="3447890992" remote="102241670408" /><file name="book-node-export-html.tpl.php" server="christopherstevens.cc/qr/" local="3447890992" remote="128011474184" /><file name="book-rtl.css" server="christopherstevens.cc/qr/" local="3447890992" remote="54997030152" /><file name="book.admin.inc" server="christopherstevens.cc/qr/" local="3447890992" remote="63586964744" /><file name="book.css" server="christopherstevens.cc/qr/" local="3447890992" remote="37817160968" /><file name="book.info" server="christopherstevens.cc/qr/" local="3447893412" remote="42112128264" /><file name="book.install" server="christopherstevens.cc/qr/" local="3447890992" remote="54997030152" /><file name="book.js" server="christopherstevens.cc/qr/" local="3447890992" remote="33522193672" /><file name="book.module" server="christopherstevens.cc/qr/" local="3447890992" remote="50702062856" /><file name="book.pages.inc" server="christopherstevens.cc/qr/" local="3447890992" remote="63586964744" /><file name="book.test" server="christopherstevens.cc/qr/" local="3447890992" remote="42112128264" /></dwsync>