<?xml version="1.0" encoding="utf-8" ?><dwsync><file name="overlay-child-rtl.css" server="christopherstevens.cc/qr/" local="3447890992" remote="93651735996" /><file name="overlay-child.css" server="christopherstevens.cc/qr/" local="3447890992" remote="76471866812" /><file name="overlay-child.js" server="christopherstevens.cc/qr/" local="3447890992" remote="72176899516" /><file name="overlay-parent.css" server="christopherstevens.cc/qr/" local="3447890992" remote="80766834108" /><file name="overlay-parent.js" server="christopherstevens.cc/qr/" local="3447890992" remote="76471866812" /><file name="overlay.api.php" server="christopherstevens.cc/qr/" local="3447890992" remote="67881932220" /><file name="overlay.info" server="christopherstevens.cc/qr/" local="3447893412" remote="54997030332" /><file name="overlay.install" server="christopherstevens.cc/qr/" local="3447890992" remote="67881932220" /><file name="overlay.module" server="christopherstevens.cc/qr/" local="3447890992" remote="63586964924" /><file name="overlay.tpl.php" server="christopherstevens.cc/qr/" local="3447890992" remote="67881932220" /></dwsync>