<?xml version="1.0" encoding="utf-8" ?><dwsync><file name=".gitignore" server="christopherstevens.cc/qr/" local="3447890992" remote="46407095380" /><file name=".htaccess" server="christopherstevens.cc/qr/" local="3447890992" remote="42112128084" /><file name="authorize.php" server="christopherstevens.cc/qr/" local="3447890992" remote="59291997268" /><file name="CHANGELOG.txt" server="christopherstevens.cc/qr/" local="3447890992" remote="59291997268" /><file name="COPYRIGHT.txt" server="christopherstevens.cc/qr/" local="3447890992" remote="59291997268" /><file name="cron.php" server="christopherstevens.cc/qr/" local="3447890992" remote="37817160788" /><file name="index.php" server="christopherstevens.cc/qr/" local="3447890992" remote="42112128144" /><file name="INSTALL.mysql.txt" server="christopherstevens.cc/qr/" local="3447890992" remote="76471866512" /><file name="INSTALL.pgsql.txt" server="christopherstevens.cc/qr/" local="3447890992" remote="76471866512" /><file name="install.php" server="christopherstevens.cc/qr/" local="3447890992" remote="50702062736" /><file name="INSTALL.sqlite.txt" server="christopherstevens.cc/qr/" local="3447890992" remote="80766833808" /><file name="INSTALL.txt" server="christopherstevens.cc/qr/" local="3447890992" remote="50702062736" /><file name="LICENSE.txt" server="christopherstevens.cc/qr/" local="3399162620" remote="50702062736" /><file name="MAINTAINERS.txt" server="christopherstevens.cc/qr/" local="3447890992" remote="67881931920" /><file name="README.txt" server="christopherstevens.cc/qr/" local="3447890992" remote="46407096040" /><file name="robots.txt" server="christopherstevens.cc/qr/" local="3447890992" remote="46407096040" /><file name="update.php" server="christopherstevens.cc/qr/" local="3447890992" remote="46407097360" /><file name="UPGRADE.txt" server="christopherstevens.cc/qr/" local="3447890992" remote="50702064656" /><file name="web.config" server="christopherstevens.cc/qr/" local="3447890992" remote="46407097360" /><file name="xmlrpc.php" server="christopherstevens.cc/qr/" local="3447890992" remote="46407097360" /><file name=".htaccess" server="christopherstevens.cc/host/qrtour/" local="3458652080" remote="2311213611577952652" /></dwsync>