<?xml version="1.0" encoding="utf-8" ?><dwsync><file name="field_ui-rtl.css" server="christopherstevens.cc/qr/" local="3447890992" remote="72176899396" /><file name="field_ui.admin.inc" server="christopherstevens.cc/qr/" local="3447890992" remote="80766833988" /><file name="field_ui.api.php" server="christopherstevens.cc/qr/" local="3447890992" remote="72176899396" /><file name="field_ui.css" server="christopherstevens.cc/qr/" local="3447890992" remote="54997030212" /><file name="field_ui.info" server="christopherstevens.cc/qr/" local="3447893412" remote="59291997508" /><file name="field_ui.js" server="christopherstevens.cc/qr/" local="3447890992" remote="50702062916" /><file name="field_ui.module" server="christopherstevens.cc/qr/" local="3447890992" remote="67881932100" /><file name="field_ui.test" server="christopherstevens.cc/qr/" local="3447890992" remote="59291997508" /></dwsync>