<?xml version="1.0" encoding="utf-8" ?><dwsync><file name="filter.admin.inc" server="christopherstevens.cc/qr/" local="3447890992" remote="72176899456" /><file name="filter.admin.js" server="christopherstevens.cc/qr/" local="3447890992" remote="67881932160" /><file name="filter.api.php" server="christopherstevens.cc/qr/" local="3447890992" remote="63586964864" /><file name="filter.css" server="christopherstevens.cc/qr/" local="3447890992" remote="46407095680" /><file name="filter.info" server="christopherstevens.cc/qr/" local="3447893412" remote="50702062976" /><file name="filter.install" server="christopherstevens.cc/qr/" local="3447890992" remote="63586964864" /><file name="filter.js" server="christopherstevens.cc/qr/" local="3447890992" remote="42112128384" /><file name="filter.module" server="christopherstevens.cc/qr/" local="3447890992" remote="59291997568" /><file name="filter.pages.inc" server="christopherstevens.cc/qr/" local="3447890992" remote="72176899456" /><file name="filter.test" server="christopherstevens.cc/qr/" local="3447890992" remote="50702062976" /></dwsync>