<?xml version="1.0" encoding="utf-8" ?><dwsync><file name="application-octet-stream.png" server="christopherstevens.cc/qr/" local="3447890992" remote="123716506948" /><file name="application-pdf.png" server="christopherstevens.cc/qr/" local="3447890992" remote="85061801284" /><file name="application-x-executable.png" server="christopherstevens.cc/qr/" local="3447890992" remote="123716506948" /><file name="audio-x-generic.png" server="christopherstevens.cc/qr/" local="3447890992" remote="85061801284" /><file name="image-x-generic.png" server="christopherstevens.cc/qr/" local="3447890992" remote="85061801284" /><file name="package-x-generic.png" server="christopherstevens.cc/qr/" local="3447890992" remote="93651735876" /><file name="text-html.png" server="christopherstevens.cc/qr/" local="3447890992" remote="59291997508" /><file name="text-plain.png" server="christopherstevens.cc/qr/" local="3447890992" remote="63586964804" /><file name="text-x-generic.png" server="christopherstevens.cc/qr/" local="3447890992" remote="80766833988" /><file name="text-x-script.png" server="christopherstevens.cc/qr/" local="3447890992" remote="76471866692" /><file name="video-x-generic.png" server="christopherstevens.cc/qr/" local="3447890992" remote="85061801284" /><file name="x-office-document.png" server="christopherstevens.cc/qr/" local="3447890992" remote="93651735876" /><file name="x-office-presentation.png" server="christopherstevens.cc/qr/" local="3447890992" remote="110831605060" /><file name="x-office-spreadsheet.png" server="christopherstevens.cc/qr/" local="3447890992" remote="106536637764" /></dwsync>