<?xml version="1.0" encoding="utf-8" ?><dwsync><file name="drupal_web_test_case.php" server="christopherstevens.cc/qr/" local="3447890992" remote="106536637944" /><file name="simpletest.api.php" server="christopherstevens.cc/qr/" local="3447890992" remote="80766834168" /><file name="simpletest.css" server="christopherstevens.cc/qr/" local="3447890992" remote="63586964984" /><file name="simpletest.info" server="christopherstevens.cc/qr/" local="3447893412" remote="67881932280" /><file name="simpletest.install" server="christopherstevens.cc/qr/" local="3447890992" remote="80766834168" /><file name="simpletest.js" server="christopherstevens.cc/qr/" local="3447890992" remote="59291997688" /><file name="simpletest.module" server="christopherstevens.cc/qr/" local="3447890992" remote="76471866872" /><file name="simpletest.pages.inc" server="christopherstevens.cc/qr/" local="3447890992" remote="89356768760" /><file name="simpletest.test" server="christopherstevens.cc/qr/" local="3447890992" remote="67881932280" /></dwsync>