<?xml version="1.0" encoding="utf-8" ?><dwsync><file name="aggregator-feed-source.tpl.php" server="christopherstevens.cc/qr/" local="3447890992" remote="132306441420" /><file name="aggregator-item.tpl.php" server="christopherstevens.cc/qr/" local="3447890992" remote="102241670348" /><file name="aggregator-rtl.css" server="christopherstevens.cc/qr/" local="3447890992" remote="80766833868" /><file name="aggregator-summary-item.tpl.php" server="christopherstevens.cc/qr/" local="3447890992" remote="136601408716" /><file name="aggregator-summary-items.tpl.php" server="christopherstevens.cc/qr/" local="3447890992" remote="140896376012" /><file name="aggregator-wrapper.tpl.php" server="christopherstevens.cc/qr/" local="3447890992" remote="115126572236" /><file name="aggregator.admin.inc" server="christopherstevens.cc/qr/" local="3447890992" remote="89356768460" /><file name="aggregator.api.php" server="christopherstevens.cc/qr/" local="3447890992" remote="80766833868" /><file name="aggregator.css" server="christopherstevens.cc/qr/" local="3447890992" remote="63586964684" /><file name="aggregator.fetcher.inc" server="christopherstevens.cc/qr/" local="3447890992" remote="97946703052" /><file name="aggregator.info" server="christopherstevens.cc/qr/" local="3447893412" remote="67881931980" /><file name="aggregator.install" server="christopherstevens.cc/qr/" local="3447890992" remote="80766833868" /><file name="aggregator.module" server="christopherstevens.cc/qr/" local="3447890992" remote="76471866572" /><file name="aggregator.pages.inc" server="christopherstevens.cc/qr/" local="3447890992" remote="89356768460" /><file name="aggregator.parser.inc" server="christopherstevens.cc/qr/" local="3447890992" remote="93651735756" /><file name="aggregator.processor.inc" server="christopherstevens.cc/qr/" local="3447890992" remote="106536637644" /><file name="aggregator.test" server="christopherstevens.cc/qr/" local="3447890992" remote="67881931980" /></dwsync>