<?xml version="1.0" encoding="utf-8" ?><dwsync><file name="block-admin-display-form.tpl.php" server="christopherstevens.cc/qr/" local="3447890992" remote="140896376012" /><file name="block.admin.inc" server="christopherstevens.cc/qr/" local="3447890992" remote="67881931980" /><file name="block.api.php" server="christopherstevens.cc/qr/" local="3447890992" remote="59291997388" /><file name="block.css" server="christopherstevens.cc/qr/" local="3447890992" remote="42112128204" /><file name="block.info" server="christopherstevens.cc/qr/" local="3447893412" remote="46407095500" /><file name="block.install" server="christopherstevens.cc/qr/" local="3447890992" remote="59291997388" /><file name="block.js" server="christopherstevens.cc/qr/" local="3447890992" remote="37817160908" /><file name="block.module" server="christopherstevens.cc/qr/" local="3447890992" remote="54997030092" /><file name="block.test" server="christopherstevens.cc/qr/" local="3447890992" remote="46407095500" /><file name="block.tpl.php" server="christopherstevens.cc/qr/" local="3447890992" remote="59291997388" /></dwsync>