<?xml version="1.0" encoding="utf-8" ?><dwsync><file name="code-clean.sh" server="christopherstevens.cc/qr/" local="3447890992" remote="59291997928" /><file name="cron-curl.sh" server="christopherstevens.cc/qr/" local="3447890992" remote="54997030632" /><file name="cron-lynx.sh" server="christopherstevens.cc/qr/" local="3447890992" remote="54997030632" /><file name="drupal.sh" server="christopherstevens.cc/qr/" local="3447890992" remote="42112128744" /><file name="dump-database-d6.sh" server="christopherstevens.cc/qr/" local="3447890992" remote="85061801704" /><file name="dump-database-d7.sh" server="christopherstevens.cc/qr/" local="3447890992" remote="85061801704" /><file name="generate-d6-content.sh" server="christopherstevens.cc/qr/" local="3447890992" remote="97946703592" /><file name="generate-d7-content.sh" server="christopherstevens.cc/qr/" local="3447890992" remote="97946703592" /><file name="password-hash.sh" server="christopherstevens.cc/qr/" local="3447890992" remote="72176899816" /><file name="run-tests.sh" server="christopherstevens.cc/qr/" local="3447890992" remote="54997030632" /><file name="test.script" server="christopherstevens.cc/qr/" local="3447890992" remote="50702063336" /></dwsync>