<?xml version="1.0" encoding="utf-8" ?><dwsync><file name="comment-node-form.js" server="christopherstevens.cc/qr/" local="3447890992" remote="89356768520" /><file name="comment-rtl.css" server="christopherstevens.cc/qr/" local="3447890992" remote="67881932040" /><file name="comment-wrapper.tpl.php" server="christopherstevens.cc/qr/" local="3447890992" remote="102241670408" /><file name="comment.admin.inc" server="christopherstevens.cc/qr/" local="3447890992" remote="76471866632" /><file name="comment.api.php" server="christopherstevens.cc/qr/" local="3447890992" remote="67881932040" /><file name="comment.css" server="christopherstevens.cc/qr/" local="3447890992" remote="50702062856" /><file name="comment.info" server="christopherstevens.cc/qr/" local="3447893412" remote="54997030152" /><file name="comment.install" server="christopherstevens.cc/qr/" local="3447890992" remote="67881932040" /><file name="comment.module" server="christopherstevens.cc/qr/" local="3447890992" remote="63586964744" /><file name="comment.pages.inc" server="christopherstevens.cc/qr/" local="3447890992" remote="76471866632" /><file name="comment.test" server="christopherstevens.cc/qr/" local="3447890992" remote="54997030152" /><file name="comment.tokens.inc" server="christopherstevens.cc/qr/" local="3447890992" remote="80766833928" /><file name="comment.tpl.php" server="christopherstevens.cc/qr/" local="3447890992" remote="67881932040" /></dwsync>