<?xml version="1.0" encoding="utf-8" ?><dwsync><file name="accessibility.html" server="christopherstevens.cc/qr/" local="3436288958" remote="80766834408" /><file name="custom_formats.html" server="christopherstevens.cc/qr/" local="3436288958" remote="85061801704" /><file name="full.html" server="christopherstevens.cc/qr/" local="3436288958" remote="42112128744" /><file name="index.html" server="christopherstevens.cc/qr/" local="3436288956" remote="46407096040" /><file name="menu.html" server="christopherstevens.cc/qr/" local="3436288956" remote="42112128744" /><file name="simple.html" server="christopherstevens.cc/qr/" local="3436288958" remote="50702063336" /><file name="skins.html" server="christopherstevens.cc/qr/" local="3436288958" remote="46407096040" /><file name="word.html" server="christopherstevens.cc/qr/" local="3436288958" remote="42112128744" /></dwsync>