<?xml version="1.0" encoding="utf-8" ?><dwsync><file name="ajax.js" server="christopherstevens.cc/qr/" local="3447890992" remote="33522193552" /><file name="arrow-asc.png" server="christopherstevens.cc/qr/" local="3447890992" remote="59291997328" /><file name="arrow-desc.png" server="christopherstevens.cc/qr/" local="3447890992" remote="63586964624" /><file name="authorize.js" server="christopherstevens.cc/qr/" local="3447890992" remote="54997030032" /><file name="autocomplete.js" server="christopherstevens.cc/qr/" local="3447890992" remote="67881931920" /><file name="batch.js" server="christopherstevens.cc/qr/" local="3447890992" remote="37817160848" /><file name="collapse.js" server="christopherstevens.cc/qr/" local="3447890992" remote="50702062736" /><file name="configure.png" server="christopherstevens.cc/qr/" local="3447890992" remote="59291997328" /><file name="draggable.png" server="christopherstevens.cc/qr/" local="3447890992" remote="59291997328" /><file name="drupal.js" server="christopherstevens.cc/qr/" local="3447890992" remote="42112128144" /><file name="druplicon.png" server="christopherstevens.cc/qr/" local="3447890992" remote="59291997328" /><file name="favicon.ico" server="christopherstevens.cc/qr/" local="3447890992" remote="50702062736" /><file name="feed.png" server="christopherstevens.cc/qr/" local="3447890992" remote="37817160848" /><file name="form.js" server="christopherstevens.cc/qr/" local="3447890992" remote="33522193552" /><file name="forum-icons.png" server="christopherstevens.cc/qr/" local="3447890992" remote="67881931920" /><file name="grippie.png" server="christopherstevens.cc/qr/" local="3447890992" remote="50702062736" /><file name="help.png" server="christopherstevens.cc/qr/" local="3447890992" remote="37817160848" /><file name="jquery.ba-bbq.js" server="christopherstevens.cc/qr/" local="3447890992" remote="72176899216" /><file name="jquery.cookie.js" server="christopherstevens.cc/qr/" local="3447890992" remote="72176899216" /><file name="jquery.form.js" server="christopherstevens.cc/qr/" local="3447890992" remote="63586964624" /><file name="jquery.js" server="christopherstevens.cc/qr/" local="3447890992" remote="42112128144" /><file name="jquery.once.js" server="christopherstevens.cc/qr/" local="3447890992" remote="63586964624" /><file name="machine-name.js" server="christopherstevens.cc/qr/" local="3447890992" remote="67881931920" /><file name="menu-collapsed-rtl.png" server="christopherstevens.cc/qr/" local="3447890992" remote="97946702992" /><file name="menu-collapsed.png" server="christopherstevens.cc/qr/" local="3447890992" remote="80766833808" /><file name="menu-expanded.png" server="christopherstevens.cc/qr/" local="3447890992" remote="76471866512" /><file name="menu-leaf.png" server="christopherstevens.cc/qr/" local="3447890992" remote="59291997328" /><file name="message-16-error.png" server="christopherstevens.cc/qr/" local="3447890992" remote="89356768400" /><file name="message-16-help.png" server="christopherstevens.cc/qr/" local="3447890992" remote="85061801104" /><file name="message-16-info.png" server="christopherstevens.cc/qr/" local="3447890992" remote="85061801104" /><file name="message-16-ok.png" server="christopherstevens.cc/qr/" local="3447890992" remote="76471866512" /><file name="message-16-warning.png" server="christopherstevens.cc/qr/" local="3447890992" remote="97946702992" /><file name="message-24-error.png" server="christopherstevens.cc/qr/" local="3447890992" remote="89356768400" /><file name="message-24-help.png" server="christopherstevens.cc/qr/" local="3447890992" remote="85061801104" /><file name="message-24-info.png" server="christopherstevens.cc/qr/" local="3447890992" remote="85061801104" /><file name="message-24-ok.png" server="christopherstevens.cc/qr/" local="3447890992" remote="76471866512" /><file name="message-24-warning.png" server="christopherstevens.cc/qr/" local="3447890992" remote="97946702992" /><file name="permissions.png" server="christopherstevens.cc/qr/" local="3447890992" remote="67881931920" /><file name="powered-black-135x42.png" server="christopherstevens.cc/qr/" local="3447890992" remote="106536637584" /><file name="powered-black-80x15.png" server="christopherstevens.cc/qr/" local="3447890992" remote="102241670288" /><file name="powered-black-88x31.png" server="christopherstevens.cc/qr/" local="3447890992" remote="102241670288" /><file name="powered-blue-135x42.png" server="christopherstevens.cc/qr/" local="3447890992" remote="102241670288" /><file name="powered-blue-80x15.png" server="christopherstevens.cc/qr/" local="3447890992" remote="97946702992" /><file name="powered-blue-88x31.png" server="christopherstevens.cc/qr/" local="3447890992" remote="97946702992" /><file name="powered-gray-135x42.png" server="christopherstevens.cc/qr/" local="3447890992" remote="102241670288" /><file name="powered-gray-80x15.png" server="christopherstevens.cc/qr/" local="3447890992" remote="97946702992" /><file name="powered-gray-88x31.png" server="christopherstevens.cc/qr/" local="3447890992" remote="97946702992" /><file name="print-rtl.css" server="christopherstevens.cc/qr/" local="3447890992" remote="59291997328" /><file name="print.css" server="christopherstevens.cc/qr/" local="3447890992" remote="42112128144" /><file name="progress.gif" server="christopherstevens.cc/qr/" local="3447890992" remote="54997030032" /><file name="progress.js" server="christopherstevens.cc/qr/" local="3447890992" remote="50702062736" /><file name="states.js" server="christopherstevens.cc/qr/" local="3447890992" remote="42112128144" /><file name="tabledrag.js" server="christopherstevens.cc/qr/" local="3447890992" remote="54997030032" /><file name="tableheader.js" server="christopherstevens.cc/qr/" local="3447890992" remote="63586964624" /><file name="tableselect.js" server="christopherstevens.cc/qr/" local="3447890992" remote="63586964624" /><file name="textarea.js" server="christopherstevens.cc/qr/" local="3447890992" remote="50702062796" /><file name="throbber.gif" server="christopherstevens.cc/qr/" local="3447890992" remote="54997030092" /><file name="timezone.js" server="christopherstevens.cc/qr/" local="3447890992" remote="50702062796" /><file name="tree-bottom.png" server="christopherstevens.cc/qr/" local="3447890992" remote="67881931980" /><file name="tree.png" server="christopherstevens.cc/qr/" local="3447890992" remote="37817160908" /><file name="vertical-tabs-rtl.css" server="christopherstevens.cc/qr/" local="3447890992" remote="93651735756" /><file name="vertical-tabs.css" server="christopherstevens.cc/qr/" local="3447890992" remote="76471866572" /><file name="vertical-tabs.js" server="christopherstevens.cc/qr/" local="3447890992" remote="72176899276" /><file name="watchdog-error.png" server="christopherstevens.cc/qr/" local="3447890992" remote="80766833868" /><file name="watchdog-ok.png" server="christopherstevens.cc/qr/" local="3447890992" remote="67881931980" /><file name="watchdog-warning.png" server="christopherstevens.cc/qr/" local="3447890992" remote="89356768460" /></dwsync>