<?xml version="1.0" encoding="utf-8" ?><dwsync><file name="menu.admin.inc" server="christopherstevens.cc/qr/" local="3447890992" remote="63586964864" /><file name="menu.admin.js" server="christopherstevens.cc/qr/" local="3447890992" remote="59291997568" /><file name="menu.api.php" server="christopherstevens.cc/qr/" local="3447890992" remote="54997030272" /><file name="menu.css" server="christopherstevens.cc/qr/" local="3447890992" remote="37817161088" /><file name="menu.info" server="christopherstevens.cc/qr/" local="3447893412" remote="42112128384" /><file name="menu.install" server="christopherstevens.cc/qr/" local="3447890992" remote="54997030272" /><file name="menu.js" server="christopherstevens.cc/qr/" local="3447890992" remote="33522193792" /><file name="menu.module" server="christopherstevens.cc/qr/" local="3447890992" remote="50702062976" /><file name="menu.test" server="christopherstevens.cc/qr/" local="3447890992" remote="42112128384" /></dwsync>