<?xml version="1.0" encoding="utf-8" ?><dwsync><file name="profile-block.tpl.php" server="christopherstevens.cc/qr/" local="3447890992" remote="93651735996" /><file name="profile-listing.tpl.php" server="christopherstevens.cc/qr/" local="3447890992" remote="102241670588" /><file name="profile-wrapper.tpl.php" server="christopherstevens.cc/qr/" local="3447890992" remote="102241670588" /><file name="profile.admin.inc" server="christopherstevens.cc/qr/" local="3447890992" remote="76471866812" /><file name="profile.css" server="christopherstevens.cc/qr/" local="3447890992" remote="50702063036" /><file name="profile.info" server="christopherstevens.cc/qr/" local="3447893412" remote="54997030332" /><file name="profile.install" server="christopherstevens.cc/qr/" local="3447890992" remote="67881932220" /><file name="profile.js" server="christopherstevens.cc/qr/" local="3447890992" remote="46407095740" /><file name="profile.module" server="christopherstevens.cc/qr/" local="3447890992" remote="63586964924" /><file name="profile.pages.inc" server="christopherstevens.cc/qr/" local="3447890992" remote="76471866812" /><file name="profile.test" server="christopherstevens.cc/qr/" local="3447890992" remote="54997030332" /></dwsync>