<?xml version="1.0" encoding="utf-8" ?><dwsync><file name="actions.inc" server="christopherstevens.cc/qr/" local="3447890992" remote="50702062676" /><file name="ajax.inc" server="christopherstevens.cc/qr/" local="3447890992" remote="37817160788" /><file name="archiver.inc" server="christopherstevens.cc/qr/" local="3447890992" remote="54997029972" /><file name="authorize.inc" server="christopherstevens.cc/qr/" local="3447890992" remote="59291997268" /><file name="batch.inc" server="christopherstevens.cc/qr/" local="3447890992" remote="42112128084" /><file name="batch.queue.inc" server="christopherstevens.cc/qr/" local="3447890992" remote="67881931860" /><file name="bootstrap.inc" server="christopherstevens.cc/qr/" local="3447890992" remote="59291997268" /><file name="cache-install.inc" server="christopherstevens.cc/qr/" local="3447890992" remote="76471866452" /><file name="cache.inc" server="christopherstevens.cc/qr/" local="3447890992" remote="42112128084" /><file name="common.inc" server="christopherstevens.cc/qr/" local="3447890992" remote="46407095380" /><file name="date.inc" server="christopherstevens.cc/qr/" local="3447890992" remote="37817160848" /><file name="entity.inc" server="christopherstevens.cc/qr/" local="3447890992" remote="46407095440" /><file name="errors.inc" server="christopherstevens.cc/qr/" local="3447890992" remote="46407095440" /><file name="file.inc" server="christopherstevens.cc/qr/" local="3447890992" remote="37817160848" /><file name="file.mimetypes.inc" server="christopherstevens.cc/qr/" local="3447890992" remote="80766833808" /><file name="form.inc" server="christopherstevens.cc/qr/" local="3447890992" remote="37817160848" /><file name="graph.inc" server="christopherstevens.cc/qr/" local="3447890992" remote="42112128144" /><file name="image.inc" server="christopherstevens.cc/qr/" local="3447890992" remote="42112128144" /><file name="install.core.inc" server="christopherstevens.cc/qr/" local="3447890992" remote="72176899216" /><file name="install.inc" server="christopherstevens.cc/qr/" local="3447890992" remote="50702062736" /><file name="iso.inc" server="christopherstevens.cc/qr/" local="3447890992" remote="33522193552" /><file name="json-encode.inc" server="christopherstevens.cc/qr/" local="3447890992" remote="67881931920" /><file name="language.inc" server="christopherstevens.cc/qr/" local="3447890992" remote="54997030032" /><file name="locale.inc" server="christopherstevens.cc/qr/" local="3447890992" remote="46407095440" /><file name="lock.inc" server="christopherstevens.cc/qr/" local="3447890992" remote="37817160848" /><file name="mail.inc" server="christopherstevens.cc/qr/" local="3447890992" remote="37817160848" /><file name="menu.inc" server="christopherstevens.cc/qr/" local="3447890992" remote="37817160848" /><file name="module.inc" server="christopherstevens.cc/qr/" local="3447890992" remote="46407095440" /><file name="pager.inc" server="christopherstevens.cc/qr/" local="3447890992" remote="42112128144" /><file name="password.inc" server="christopherstevens.cc/qr/" local="3447890992" remote="54997030032" /><file name="path.inc" server="christopherstevens.cc/qr/" local="3447890992" remote="37817160848" /><file name="registry.inc" server="christopherstevens.cc/qr/" local="3447890992" remote="54997030032" /><file name="session.inc" server="christopherstevens.cc/qr/" local="3447890992" remote="50702062736" /><file name="stream_wrappers.inc" server="christopherstevens.cc/qr/" local="3447890992" remote="85061801104" /><file name="tablesort.inc" server="christopherstevens.cc/qr/" local="3447890992" remote="59291997328" /><file name="theme.inc" server="christopherstevens.cc/qr/" local="3447890992" remote="42112128144" /><file name="theme.maintenance.inc" server="christopherstevens.cc/qr/" local="3447890992" remote="93651735696" /><file name="token.inc" server="christopherstevens.cc/qr/" local="3447890992" remote="42112128144" /><file name="unicode.entities.inc" server="christopherstevens.cc/qr/" local="3447890992" remote="89356768400" /><file name="unicode.inc" server="christopherstevens.cc/qr/" local="3447890992" remote="50702062736" /><file name="update.inc" server="christopherstevens.cc/qr/" local="3447890992" remote="46407095440" /><file name="updater.inc" server="christopherstevens.cc/qr/" local="3447890992" remote="50702062736" /><file name="utility.inc" server="christopherstevens.cc/qr/" local="3447890992" remote="50702062736" /><file name="xmlrpc.inc" server="christopherstevens.cc/qr/" local="3447890992" remote="46407095440" /><file name="xmlrpcs.inc" server="christopherstevens.cc/qr/" local="3447890992" remote="50702062736" /></dwsync>