<?xml version="1.0" encoding="utf-8" ?><dwsync><file name="shortcut-rtl.css" server="christopherstevens.cc/qr/" local="3447890992" remote="72176899576" /><file name="shortcut.admin.css" server="christopherstevens.cc/qr/" local="3447890992" remote="80766834168" /><file name="shortcut.admin.inc" server="christopherstevens.cc/qr/" local="3447890992" remote="80766834168" /><file name="shortcut.admin.js" server="christopherstevens.cc/qr/" local="3447890992" remote="76471866872" /><file name="shortcut.api.php" server="christopherstevens.cc/qr/" local="3447890992" remote="72176899576" /><file name="shortcut.css" server="christopherstevens.cc/qr/" local="3447890992" remote="54997030392" /><file name="shortcut.info" server="christopherstevens.cc/qr/" local="3447893412" remote="59291997688" /><file name="shortcut.install" server="christopherstevens.cc/qr/" local="3447890992" remote="72176899576" /><file name="shortcut.module" server="christopherstevens.cc/qr/" local="3447890992" remote="67881932280" /><file name="shortcut.png" server="christopherstevens.cc/qr/" local="3447890992" remote="54997030392" /><file name="shortcut.test" server="christopherstevens.cc/qr/" local="3447890992" remote="59291997688" /></dwsync>