<?xml version="1.0" encoding="utf-8" ?><dwsync><file name="html.tpl.php" server="christopherstevens.cc/qr/" local="3447890992" remote="54997030512" /><file name="image.gd.inc" server="christopherstevens.cc/qr/" local="3447890992" remote="54997030512" /><file name="language.api.php" server="christopherstevens.cc/qr/" local="3447890992" remote="72176899696" /><file name="maintenance-page.tpl.php" server="christopherstevens.cc/qr/" local="3447890992" remote="106536638064" /><file name="page.tpl.php" server="christopherstevens.cc/qr/" local="3447890992" remote="54997030512" /><file name="region.tpl.php" server="christopherstevens.cc/qr/" local="3447890992" remote="63586965104" /><file name="system.admin-rtl.css" server="christopherstevens.cc/qr/" local="3447890992" remote="89356768880" /><file name="system.admin.css" server="christopherstevens.cc/qr/" local="3447890992" remote="72176899696" /><file name="system.admin.inc" server="christopherstevens.cc/qr/" local="3447890992" remote="72176899696" /><file name="system.api.php" server="christopherstevens.cc/qr/" local="3447890992" remote="63586965104" /><file name="system.archiver.inc" server="christopherstevens.cc/qr/" local="3447890992" remote="85061801584" /><file name="system.base-rtl.css" server="christopherstevens.cc/qr/" local="3447890992" remote="85061801584" /><file name="system.base.css" server="christopherstevens.cc/qr/" local="3447890992" remote="67881932400" /><file name="system.cron.js" server="christopherstevens.cc/qr/" local="3447890992" remote="63586965104" /><file name="system.info" server="christopherstevens.cc/qr/" local="3447893412" remote="50702063216" /><file name="system.install" server="christopherstevens.cc/qr/" local="3447890992" remote="63586965104" /><file name="system.js" server="christopherstevens.cc/qr/" local="3447890992" remote="42112128624" /><file name="system.mail.inc" server="christopherstevens.cc/qr/" local="3447890992" remote="67881932400" /><file name="system.maintenance.css" server="christopherstevens.cc/qr/" local="3447890992" remote="97946703472" /><file name="system.menus-rtl.css" server="christopherstevens.cc/qr/" local="3447890992" remote="89356768880" /><file name="system.menus.css" server="christopherstevens.cc/qr/" local="3447890992" remote="72176899696" /><file name="system.messages-rtl.css" server="christopherstevens.cc/qr/" local="3447890992" remote="102241670768" /><file name="system.messages.css" server="christopherstevens.cc/qr/" local="3447890992" remote="85061801584" /><file name="system.module" server="christopherstevens.cc/qr/" local="3447890992" remote="59291997808" /><file name="system.queue.inc" server="christopherstevens.cc/qr/" local="3447890992" remote="72176899696" /><file name="system.tar.inc" server="christopherstevens.cc/qr/" local="3447890992" remote="63586965104" /><file name="system.test" server="christopherstevens.cc/qr/" local="3447890992" remote="50702063216" /><file name="system.theme-rtl.css" server="christopherstevens.cc/qr/" local="3447890992" remote="89356768880" /><file name="system.theme.css" server="christopherstevens.cc/qr/" local="3447890992" remote="72176899696" /><file name="system.tokens.inc" server="christopherstevens.cc/qr/" local="3447890992" remote="76471866992" /><file name="system.updater.inc" server="christopherstevens.cc/qr/" local="3447890992" remote="80766834288" /><file name="theme.api.php" server="christopherstevens.cc/qr/" local="3447890992" remote="59291997808" /></dwsync>