<?xml version="1.0" encoding="utf-8" ?><dwsync><file name="taxonomy-term.tpl.php" server="christopherstevens.cc/qr/" local="3447890992" remote="93651736176" /><file name="taxonomy.admin.inc" server="christopherstevens.cc/qr/" local="3447890992" remote="80766834288" /><file name="taxonomy.api.php" server="christopherstevens.cc/qr/" local="3447890992" remote="72176899696" /><file name="taxonomy.css" server="christopherstevens.cc/qr/" local="3447890992" remote="54997030512" /><file name="taxonomy.info" server="christopherstevens.cc/qr/" local="3447893412" remote="59291997808" /><file name="taxonomy.install" server="christopherstevens.cc/qr/" local="3447890992" remote="72176899696" /><file name="taxonomy.js" server="christopherstevens.cc/qr/" local="3447890992" remote="50702063216" /><file name="taxonomy.module" server="christopherstevens.cc/qr/" local="3447890992" remote="67881932400" /><file name="taxonomy.pages.inc" server="christopherstevens.cc/qr/" local="3447890992" remote="80766834288" /><file name="taxonomy.test" server="christopherstevens.cc/qr/" local="3447890992" remote="59291997808" /><file name="taxonomy.tokens.inc" server="christopherstevens.cc/qr/" local="3447890992" remote="85061801644" /></dwsync>