<?xml version="1.0" encoding="utf-8" ?><dwsync><file name="user-picture.tpl.php" server="christopherstevens.cc/qr/" local="3447890992" remote="89356768940" /><file name="user-profile-category.tpl.php" server="christopherstevens.cc/qr/" local="3447890992" remote="128011474604" /><file name="user-profile-item.tpl.php" server="christopherstevens.cc/qr/" local="3447890992" remote="110831605420" /><file name="user-profile.tpl.php" server="christopherstevens.cc/qr/" local="3447890992" remote="89356768940" /><file name="user-rtl.css" server="christopherstevens.cc/qr/" local="3447890992" remote="54997030572" /><file name="user.admin.inc" server="christopherstevens.cc/qr/" local="3447890992" remote="63586965164" /><file name="user.api.php" server="christopherstevens.cc/qr/" local="3447890992" remote="54997030572" /><file name="user.css" server="christopherstevens.cc/qr/" local="3447890992" remote="37817161388" /><file name="user.info" server="christopherstevens.cc/qr/" local="3447893412" remote="42112128684" /><file name="user.install" server="christopherstevens.cc/qr/" local="3447890992" remote="54997030572" /><file name="user.js" server="christopherstevens.cc/qr/" local="3447890992" remote="33522194092" /><file name="user.module" server="christopherstevens.cc/qr/" local="3447890992" remote="50702063276" /><file name="user.pages.inc" server="christopherstevens.cc/qr/" local="3447890992" remote="63586965224" /><file name="user.permissions.js" server="christopherstevens.cc/qr/" local="3447890992" remote="85061801704" /><file name="user.test" server="christopherstevens.cc/qr/" local="3447890992" remote="42112128744" /><file name="user.tokens.inc" server="christopherstevens.cc/qr/" local="3447890992" remote="67881932520" /></dwsync>