<?xml version="1.0" encoding="utf-8" ?><dwsync><file name="dashboard-rtl.css" server="christopherstevens.cc/qr/" local="3447890992" remote="76471866632" /><file name="dashboard.api.php" server="christopherstevens.cc/qr/" local="3447890992" remote="76471866632" /><file name="dashboard.css" server="christopherstevens.cc/qr/" local="3447890992" remote="59291997448" /><file name="dashboard.info" server="christopherstevens.cc/qr/" local="3447893412" remote="63586964744" /><file name="dashboard.install" server="christopherstevens.cc/qr/" local="3447890992" remote="76471866632" /><file name="dashboard.js" server="christopherstevens.cc/qr/" local="3447890992" remote="54997030152" /><file name="dashboard.module" server="christopherstevens.cc/qr/" local="3447890992" remote="72176899336" /><file name="dashboard.test" server="christopherstevens.cc/qr/" local="3447890992" remote="63586964744" /></dwsync>