<?xml version="1.0" encoding="utf-8" ?><dwsync><file name="search-block-form.tpl.php" server="christopherstevens.cc/qr/" local="3447890992" remote="110831605180" /><file name="search-result.tpl.php" server="christopherstevens.cc/qr/" local="3447890992" remote="93651735996" /><file name="search-results.tpl.php" server="christopherstevens.cc/qr/" local="3447890992" remote="97946703292" /><file name="search-rtl.css" server="christopherstevens.cc/qr/" local="3447890992" remote="63586964924" /><file name="search.admin.inc" server="christopherstevens.cc/qr/" local="3447890992" remote="72176899516" /><file name="search.api.php" server="christopherstevens.cc/qr/" local="3447890992" remote="63586964924" /><file name="search.css" server="christopherstevens.cc/qr/" local="3447890992" remote="46407095740" /><file name="search.extender.inc" server="christopherstevens.cc/qr/" local="3447890992" remote="85061801404" /><file name="search.info" server="christopherstevens.cc/qr/" local="3447893412" remote="50702063096" /><file name="search.install" server="christopherstevens.cc/qr/" local="3447890992" remote="63586964984" /><file name="search.module" server="christopherstevens.cc/qr/" local="3447890992" remote="59291997688" /><file name="search.pages.inc" server="christopherstevens.cc/qr/" local="3447890992" remote="72176899576" /><file name="search.test" server="christopherstevens.cc/qr/" local="3447890992" remote="50702063096" /></dwsync>